{
  "version": "1",
  "cognitoConfig": {
    "identityPoolName": "birita54bd367e_identitypool_54bd367e",
    "allowUnauthenticatedIdentities": false,
    "resourceNameTruncated": "birita54bd367e",
    "userPoolName": "birita54bd367e_userpool_54bd367e",
    "autoVerifiedAttributes": [
      "email"
    ],
    "mfaConfiguration": "OPTIONAL",
    "mfaTypes": [
      "SMS Text Message"
    ],
    "smsAuthenticationMessage": "your security code for birita is {####}",
    "smsVerificationMessage": "Your verification code is {####}",
    "emailVerificationSubject": "birita security code",
    "emailVerificationMessage": "your birita security code is {####}",
    "defaultPasswordPolicy": false,
    "passwordPolicyMinLength": 8,
    "passwordPolicyCharacters": [
      "Requires Lowercase",
      "Requires Numbers",
      "Requires Symbols",
      "Requires Uppercase"
    ],
    "requiredAttributes": [
      "birthdate",
      "email"
    ],
    "aliasAttributes": [],
    "userpoolClientGenerateSecret": false,
    "userpoolClientRefreshTokenValidity": 30,
    "userpoolClientWriteAttributes": [],
    "userpoolClientReadAttributes": [],
    "userpoolClientLambdaRole": "birita54bd367e_userpoolclient_lambda_role",
    "userpoolClientSetAttributes": false,
    "sharedId": "54bd367e",
    "resourceName": "birita54bd367e",
    "authSelections": "identityPoolAndUserPool",
    "useDefault": "manual",
    "usernameAttributes": [
      "email, phone_number"
    ],
    "triggers": {},
    "userPoolGroupList": [],
    "serviceName": "Cognito",
    "usernameCaseSensitive": false,
    "useEnabledMfas": true,
    "authRoleArn": {
      "Fn::GetAtt": [
        "AuthRole",
        "Arn"
      ]
    },
    "unauthRoleArn": {
      "Fn::GetAtt": [
        "UnauthRole",
        "Arn"
      ]
    },
    "breakCircularDependency": true,
    "dependsOn": [],
    "userPoolGroups": false,
    "adminQueries": false,
    "thirdPartyAuth": false,
    "authProviders": [],
    "hostedUI": false,
    "parentStack": {
      "Ref": "AWS::StackId"
    },
    "permissions": []
  }
}