{
  "name": "charts-01",
  "type": "registry:block",
  "registryDependencies": [
    "chart"
  ],
  "files": [
    {
      "path": "block/charts-01.tsx",
      "content": "\"use client\"\n\nimport {\n  Area,\n  AreaChart,\n  Bar,\n  BarChart,\n  CartesianGrid,\n  Label,\n  LabelList,\n  Line,\n  LineChart,\n  PolarAngleAxis,\n  RadialBar,\n  RadialBarChart,\n  Rectangle,\n  ReferenceLine,\n  XAxis,\n  YAxis,\n} from \"recharts\"\n\nimport {\n  Card,\n  CardContent,\n  CardDescription,\n  CardFooter,\n  CardHeader,\n  CardTitle,\n} from \"@/registry/default/ui/card\"\nimport {\n  ChartContainer,\n  ChartTooltip,\n  ChartTooltipContent,\n} from \"@/registry/default/ui/chart\"\nimport { Separator } from \"@/registry/default/ui/separator\"\n\nexport default function Charts() {\n  return (\n    <div className=\"chart-wrapper mx-auto flex max-w-6xl flex-col flex-wrap items-start justify-center gap-6 p-6 sm:flex-row sm:p-8\">\n      <div className=\"grid w-full gap-6 sm:grid-cols-2 lg:max-w-[22rem] lg:grid-cols-1 xl:max-w-[25rem]\">\n        <Card\n          x-chunk=\"A bar chart showing the number of steps you have walked in the past 7 days.\"\n          className=\"lg:max-w-md\"\n        >\n          <CardHeader className=\"space-y-0 pb-2\">\n            <CardDescription>Today</CardDescription>\n            <CardTitle className=\"text-4xl tabular-nums\">\n              12,584{\" \"}\n              <span className=\"font-sans text-sm font-normal tracking-normal text-muted-foreground\">\n                steps\n              </span>\n            </CardTitle>\n          </CardHeader>\n          <CardContent>\n            <ChartContainer\n              config={{\n                steps: {\n                  label: \"Steps\",\n                  color: \"hsl(var(--chart-1))\",\n                },\n              }}\n            >\n              <BarChart\n                accessibilityLayer\n                margin={{\n                  left: -4,\n                  right: -4,\n                }}\n                data={[\n                  {\n                    date: \"2024-01-01\",\n                    steps: 2000,\n                  },\n                  {\n                    date: \"2024-01-02\",\n                    steps: 2100,\n                  },\n                  {\n                    date: \"2024-01-03\",\n                    steps: 2200,\n                  },\n                  {\n                    date: \"2024-01-04\",\n                    steps: 1300,\n                  },\n                  {\n                    date: \"2024-01-05\",\n                    steps: 1400,\n                  },\n                  {\n                    date: \"2024-01-06\",\n                    steps: 2500,\n                  },\n                  {\n                    date: \"2024-01-07\",\n                    steps: 1600,\n                  },\n                ]}\n              >\n                <Bar\n                  dataKey=\"steps\"\n                  fill=\"var(--color-steps)\"\n                  radius={5}\n                  fillOpacity={0.6}\n                  activeBar={<Rectangle fillOpacity={0.8} />}\n                />\n                <XAxis\n                  dataKey=\"date\"\n                  tickLine={false}\n                  axisLine={false}\n                  tickMargin={4}\n                  tickFormatter={(value) => {\n                    return new Date(value).toLocaleDateString(\"en-US\", {\n                      weekday: \"short\",\n                    })\n                  }}\n                />\n                <ChartTooltip\n                  defaultIndex={2}\n                  content={\n                    <ChartTooltipContent\n                      hideIndicator\n                      labelFormatter={(value) => {\n                        return new Date(value).toLocaleDateString(\"en-US\", {\n                          day: \"numeric\",\n                          month: \"long\",\n                          year: \"numeric\",\n                        })\n                      }}\n                    />\n                  }\n                  cursor={false}\n                />\n                <ReferenceLine\n                  y={1200}\n                  stroke=\"hsl(var(--muted-foreground))\"\n                  strokeDasharray=\"3 3\"\n                  strokeWidth={1}\n                >\n                  <Label\n                    position=\"insideBottomLeft\"\n                    value=\"Average Steps\"\n                    offset={10}\n                    fill=\"hsl(var(--foreground))\"\n                  />\n                  <Label\n                    position=\"insideTopLeft\"\n                    value=\"12,343\"\n                    className=\"text-lg\"\n                    fill=\"hsl(var(--foreground))\"\n                    offset={10}\n                    startOffset={100}\n                  />\n                </ReferenceLine>\n              </BarChart>\n            </ChartContainer>\n          </CardContent>\n          <CardFooter className=\"flex-col items-start gap-1\">\n            <CardDescription>\n              Over the past 7 days, you have walked{\" \"}\n              <span className=\"font-medium text-foreground\">53,305</span> steps.\n            </CardDescription>\n            <CardDescription>\n              You need{\" \"}\n              <span className=\"font-medium text-foreground\">12,584</span> more\n              steps to reach your goal.\n            </CardDescription>\n          </CardFooter>\n        </Card>\n        <Card\n          x-chunk=\"A line chart showing the resting heart rate for the past 7 days.\"\n          className=\"flex flex-col lg:max-w-md\"\n        >\n          <CardHeader className=\"flex flex-row items-center gap-4 space-y-0 pb-2 [&>div]:flex-1\">\n            <div>\n              <CardDescription>Resting HR</CardDescription>\n              <CardTitle className=\"flex items-baseline gap-1 text-4xl tabular-nums\">\n                62\n                <span className=\"text-sm font-normal tracking-normal text-muted-foreground\">\n                  bpm\n                </span>\n              </CardTitle>\n            </div>\n            <div>\n              <CardDescription>Variability</CardDescription>\n              <CardTitle className=\"flex items-baseline gap-1 text-4xl tabular-nums\">\n                35\n                <span className=\"text-sm font-normal tracking-normal text-muted-foreground\">\n                  ms\n                </span>\n              </CardTitle>\n            </div>\n          </CardHeader>\n          <CardContent className=\"flex flex-1 items-center\">\n            <ChartContainer\n              config={{\n                resting: {\n                  label: \"Resting\",\n                  color: \"hsl(var(--chart-1))\",\n                },\n              }}\n              className=\"w-full\"\n            >\n              <LineChart\n                accessibilityLayer\n                margin={{\n                  left: 14,\n                  right: 14,\n                  top: 10,\n                }}\n                data={[\n                  {\n                    date: \"2024-01-01\",\n                    resting: 62,\n                  },\n                  {\n                    date: \"2024-01-02\",\n                    resting: 72,\n                  },\n                  {\n                    date: \"2024-01-03\",\n                    resting: 35,\n                  },\n                  {\n                    date: \"2024-01-04\",\n                    resting: 62,\n                  },\n                  {\n                    date: \"2024-01-05\",\n                    resting: 52,\n                  },\n                  {\n                    date: \"2024-01-06\",\n                    resting: 62,\n                  },\n                  {\n                    date: \"2024-01-07\",\n                    resting: 70,\n                  },\n                ]}\n              >\n                <CartesianGrid\n                  strokeDasharray=\"4 4\"\n                  vertical={false}\n                  stroke=\"hsl(var(--muted-foreground))\"\n                  strokeOpacity={0.5}\n                />\n                <YAxis hide domain={[\"dataMin - 10\", \"dataMax + 10\"]} />\n                <XAxis\n                  dataKey=\"date\"\n                  tickLine={false}\n                  axisLine={false}\n                  tickMargin={8}\n                  tickFormatter={(value) => {\n                    return new Date(value).toLocaleDateString(\"en-US\", {\n                      weekday: \"short\",\n                    })\n                  }}\n                />\n                <Line\n                  dataKey=\"resting\"\n                  type=\"natural\"\n                  fill=\"var(--color-resting)\"\n                  stroke=\"var(--color-resting)\"\n                  strokeWidth={2}\n                  dot={false}\n                  activeDot={{\n                    fill: \"var(--color-resting)\",\n                    stroke: \"var(--color-resting)\",\n                    r: 4,\n                  }}\n                />\n                <ChartTooltip\n                  content={\n                    <ChartTooltipContent\n                      indicator=\"line\"\n                      labelFormatter={(value) => {\n                        return new Date(value).toLocaleDateString(\"en-US\", {\n                          day: \"numeric\",\n                          month: \"long\",\n                          year: \"numeric\",\n                        })\n                      }}\n                    />\n                  }\n                  cursor={false}\n                />\n              </LineChart>\n            </ChartContainer>\n          </CardContent>\n        </Card>\n      </div>\n      <div className=\"grid w-full flex-1 gap-6 lg:max-w-[20rem]\">\n        <Card\n          x-chunk=\"Two horizontal bar charts showing total steps taken during the current year and last year.\"\n          className=\"max-w-xs\"\n        >\n          <CardHeader>\n            <CardTitle>Progress</CardTitle>\n            <CardDescription>\n              You're average more steps a day this year than last year.\n            </CardDescription>\n          </CardHeader>\n          <CardContent className=\"grid gap-4\">\n            <div className=\"grid auto-rows-min gap-2\">\n              <div className=\"flex items-baseline gap-1 text-2xl font-bold tabular-nums leading-none\">\n                12,453\n                <span className=\"text-sm font-normal text-muted-foreground\">\n                  steps/day\n                </span>\n              </div>\n              <ChartContainer\n                config={{\n                  steps: {\n                    label: \"Steps\",\n                    color: \"hsl(var(--chart-1))\",\n                  },\n                }}\n                className=\"aspect-auto h-[32px] w-full\"\n              >\n                <BarChart\n                  accessibilityLayer\n                  layout=\"vertical\"\n                  margin={{\n                    left: 0,\n                    top: 0,\n                    right: 0,\n                    bottom: 0,\n                  }}\n                  data={[\n                    {\n                      date: \"2024\",\n                      steps: 12435,\n                    },\n                  ]}\n                >\n                  <Bar\n                    dataKey=\"steps\"\n                    fill=\"var(--color-steps)\"\n                    radius={4}\n                    barSize={32}\n                  >\n                    <LabelList\n                      position=\"insideLeft\"\n                      dataKey=\"date\"\n                      offset={8}\n                      fontSize={12}\n                      fill=\"white\"\n                    />\n                  </Bar>\n                  <YAxis dataKey=\"date\" type=\"category\" tickCount={1} hide />\n                  <XAxis dataKey=\"steps\" type=\"number\" hide />\n                </BarChart>\n              </ChartContainer>\n            </div>\n            <div className=\"grid auto-rows-min gap-2\">\n              <div className=\"flex items-baseline gap-1 text-2xl font-bold tabular-nums leading-none\">\n                10,103\n                <span className=\"text-sm font-normal text-muted-foreground\">\n                  steps/day\n                </span>\n              </div>\n              <ChartContainer\n                config={{\n                  steps: {\n                    label: \"Steps\",\n                    color: \"hsl(var(--muted))\",\n                  },\n                }}\n                className=\"aspect-auto h-[32px] w-full\"\n              >\n                <BarChart\n                  accessibilityLayer\n                  layout=\"vertical\"\n                  margin={{\n                    left: 0,\n                    top: 0,\n                    right: 0,\n                    bottom: 0,\n                  }}\n                  data={[\n                    {\n                      date: \"2023\",\n                      steps: 10103,\n                    },\n                  ]}\n                >\n                  <Bar\n                    dataKey=\"steps\"\n                    fill=\"var(--color-steps)\"\n                    radius={4}\n                    barSize={32}\n                  >\n                    <LabelList\n                      position=\"insideLeft\"\n                      dataKey=\"date\"\n                      offset={8}\n                      fontSize={12}\n                      fill=\"hsl(var(--muted-foreground))\"\n                    />\n                  </Bar>\n                  <YAxis dataKey=\"date\" type=\"category\" tickCount={1} hide />\n                  <XAxis dataKey=\"steps\" type=\"number\" hide />\n                </BarChart>\n              </ChartContainer>\n            </div>\n          </CardContent>\n        </Card>\n        <Card\n          x-chunk=\"A bar chart showing the walking and running distance for the past 7 days.\"\n          className=\"max-w-xs\"\n        >\n          <CardHeader className=\"p-4 pb-0\">\n            <CardTitle>Walking Distance</CardTitle>\n            <CardDescription>\n              Over the last 7 days, your distance walked and run was 12.5 miles\n              per day.\n            </CardDescription>\n          </CardHeader>\n          <CardContent className=\"flex flex-row items-baseline gap-4 p-4 pt-0\">\n            <div className=\"flex items-baseline gap-1 text-3xl font-bold tabular-nums leading-none\">\n              12.5\n              <span className=\"text-sm font-normal text-muted-foreground\">\n                miles/day\n              </span>\n            </div>\n            <ChartContainer\n              config={{\n                steps: {\n                  label: \"Steps\",\n                  color: \"hsl(var(--chart-1))\",\n                },\n              }}\n              className=\"ml-auto w-[72px]\"\n            >\n              <BarChart\n                accessibilityLayer\n                margin={{\n                  left: 0,\n                  right: 0,\n                  top: 0,\n                  bottom: 0,\n                }}\n                data={[\n                  {\n                    date: \"2024-01-01\",\n                    steps: 2000,\n                  },\n                  {\n                    date: \"2024-01-02\",\n                    steps: 2100,\n                  },\n                  {\n                    date: \"2024-01-03\",\n                    steps: 2200,\n                  },\n                  {\n                    date: \"2024-01-04\",\n                    steps: 1300,\n                  },\n                  {\n                    date: \"2024-01-05\",\n                    steps: 1400,\n                  },\n                  {\n                    date: \"2024-01-06\",\n                    steps: 2500,\n                  },\n                  {\n                    date: \"2024-01-07\",\n                    steps: 1600,\n                  },\n                ]}\n              >\n                <Bar\n                  dataKey=\"steps\"\n                  fill=\"var(--color-steps)\"\n                  radius={2}\n                  fillOpacity={0.2}\n                  activeIndex={6}\n                  activeBar={<Rectangle fillOpacity={0.8} />}\n                />\n                <XAxis\n                  dataKey=\"date\"\n                  tickLine={false}\n                  axisLine={false}\n                  tickMargin={4}\n                  hide\n                />\n              </BarChart>\n            </ChartContainer>\n          </CardContent>\n        </Card>\n        <Card\n          x-chunk=\"A bar chart showing move, exercise, and stand progress.\"\n          className=\"max-w-xs\"\n        >\n          <CardContent className=\"flex gap-4 p-4 pb-2\">\n            <ChartContainer\n              config={{\n                move: {\n                  label: \"Move\",\n                  color: \"hsl(var(--chart-1))\",\n                },\n                stand: {\n                  label: \"Stand\",\n                  color: \"hsl(var(--chart-2))\",\n                },\n                exercise: {\n                  label: \"Exercise\",\n                  color: \"hsl(var(--chart-3))\",\n                },\n              }}\n              className=\"h-[140px] w-full\"\n            >\n              <BarChart\n                margin={{\n                  left: 0,\n                  right: 0,\n                  top: 0,\n                  bottom: 10,\n                }}\n                data={[\n                  {\n                    activity: \"stand\",\n                    value: (8 / 12) * 100,\n                    label: \"8/12 hr\",\n                    fill: \"var(--color-stand)\",\n                  },\n                  {\n                    activity: \"exercise\",\n                    value: (46 / 60) * 100,\n                    label: \"46/60 min\",\n                    fill: \"var(--color-exercise)\",\n                  },\n                  {\n                    activity: \"move\",\n                    value: (245 / 360) * 100,\n                    label: \"245/360 kcal\",\n                    fill: \"var(--color-move)\",\n                  },\n                ]}\n                layout=\"vertical\"\n                barSize={32}\n                barGap={2}\n              >\n                <XAxis type=\"number\" dataKey=\"value\" hide />\n                <YAxis\n                  dataKey=\"activity\"\n                  type=\"category\"\n                  tickLine={false}\n                  tickMargin={4}\n                  axisLine={false}\n                  className=\"capitalize\"\n                />\n                <Bar dataKey=\"value\" radius={5}>\n                  <LabelList\n                    position=\"insideLeft\"\n                    dataKey=\"label\"\n                    fill=\"white\"\n                    offset={8}\n                    fontSize={12}\n                  />\n                </Bar>\n              </BarChart>\n            </ChartContainer>\n          </CardContent>\n          <CardFooter className=\"flex flex-row border-t p-4\">\n            <div className=\"flex w-full items-center gap-2\">\n              <div className=\"grid flex-1 auto-rows-min gap-0.5\">\n                <div className=\"text-xs text-muted-foreground\">Move</div>\n                <div className=\"flex items-baseline gap-1 text-2xl font-bold tabular-nums leading-none\">\n                  562\n                  <span className=\"text-sm font-normal text-muted-foreground\">\n                    kcal\n                  </span>\n                </div>\n              </div>\n              <Separator orientation=\"vertical\" className=\"mx-2 h-10 w-px\" />\n              <div className=\"grid flex-1 auto-rows-min gap-0.5\">\n                <div className=\"text-xs text-muted-foreground\">Exercise</div>\n                <div className=\"flex items-baseline gap-1 text-2xl font-bold tabular-nums leading-none\">\n                  73\n                  <span className=\"text-sm font-normal text-muted-foreground\">\n                    min\n                  </span>\n                </div>\n              </div>\n              <Separator orientation=\"vertical\" className=\"mx-2 h-10 w-px\" />\n              <div className=\"grid flex-1 auto-rows-min gap-0.5\">\n                <div className=\"text-xs text-muted-foreground\">Stand</div>\n                <div className=\"flex items-baseline gap-1 text-2xl font-bold tabular-nums leading-none\">\n                  14\n                  <span className=\"text-sm font-normal text-muted-foreground\">\n                    hr\n                  </span>\n                </div>\n              </div>\n            </div>\n          </CardFooter>\n        </Card>\n      </div>\n      <div className=\"grid w-full flex-1 gap-6\">\n        <Card\n          x-chunk=\"A radial bar chart showing the percentage of time spent moving, exercising, and standing.\"\n          className=\"max-w-xs\"\n        >\n          <CardContent className=\"flex gap-4 p-4\">\n            <div className=\"grid items-center gap-2\">\n              <div className=\"grid flex-1 auto-rows-min gap-0.5\">\n                <div className=\"text-sm text-muted-foreground\">Move</div>\n                <div className=\"flex items-baseline gap-1 text-xl font-bold tabular-nums leading-none\">\n                  562/600\n                  <span className=\"text-sm font-normal text-muted-foreground\">\n                    kcal\n                  </span>\n                </div>\n              </div>\n              <div className=\"grid flex-1 auto-rows-min gap-0.5\">\n                <div className=\"text-sm text-muted-foreground\">Exercise</div>\n                <div className=\"flex items-baseline gap-1 text-xl font-bold tabular-nums leading-none\">\n                  73/120\n                  <span className=\"text-sm font-normal text-muted-foreground\">\n                    min\n                  </span>\n                </div>\n              </div>\n              <div className=\"grid flex-1 auto-rows-min gap-0.5\">\n                <div className=\"text-sm text-muted-foreground\">Stand</div>\n                <div className=\"flex items-baseline gap-1 text-xl font-bold tabular-nums leading-none\">\n                  8/12\n                  <span className=\"text-sm font-normal text-muted-foreground\">\n                    hr\n                  </span>\n                </div>\n              </div>\n            </div>\n            <ChartContainer\n              config={{\n                move: {\n                  label: \"Move\",\n                  color: \"hsl(var(--chart-1))\",\n                },\n                exercise: {\n                  label: \"Exercise\",\n                  color: \"hsl(var(--chart-2))\",\n                },\n                stand: {\n                  label: \"Stand\",\n                  color: \"hsl(var(--chart-3))\",\n                },\n              }}\n              className=\"mx-auto aspect-square w-full max-w-[80%]\"\n            >\n              <RadialBarChart\n                margin={{\n                  left: -10,\n                  right: -10,\n                  top: -10,\n                  bottom: -10,\n                }}\n                data={[\n                  {\n                    activity: \"stand\",\n                    value: (8 / 12) * 100,\n                    fill: \"var(--color-stand)\",\n                  },\n                  {\n                    activity: \"exercise\",\n                    value: (46 / 60) * 100,\n                    fill: \"var(--color-exercise)\",\n                  },\n                  {\n                    activity: \"move\",\n                    value: (245 / 360) * 100,\n                    fill: \"var(--color-move)\",\n                  },\n                ]}\n                innerRadius=\"20%\"\n                barSize={24}\n                startAngle={90}\n                endAngle={450}\n              >\n                <PolarAngleAxis\n                  type=\"number\"\n                  domain={[0, 100]}\n                  dataKey=\"value\"\n                  tick={false}\n                />\n                <RadialBar dataKey=\"value\" background cornerRadius={5} />\n              </RadialBarChart>\n            </ChartContainer>\n          </CardContent>\n        </Card>\n        <Card\n          x-chunk=\"A bar chart showing active energy in the past 7 days.\"\n          className=\"max-w-xs\"\n        >\n          <CardHeader className=\"p-4 pb-0\">\n            <CardTitle>Active Energy</CardTitle>\n            <CardDescription>\n              You're burning an average of 754 calories per day. Good job!\n            </CardDescription>\n          </CardHeader>\n          <CardContent className=\"flex flex-row items-baseline gap-4 p-4 pt-2\">\n            <div className=\"flex items-baseline gap-2 text-3xl font-bold tabular-nums leading-none\">\n              1,254\n              <span className=\"text-sm font-normal text-muted-foreground\">\n                kcal/day\n              </span>\n            </div>\n            <ChartContainer\n              config={{\n                calories: {\n                  label: \"Calories\",\n                  color: \"hsl(var(--chart-1))\",\n                },\n              }}\n              className=\"ml-auto w-[64px]\"\n            >\n              <BarChart\n                accessibilityLayer\n                margin={{\n                  left: 0,\n                  right: 0,\n                  top: 0,\n                  bottom: 0,\n                }}\n                data={[\n                  {\n                    date: \"2024-01-01\",\n                    calories: 354,\n                  },\n                  {\n                    date: \"2024-01-02\",\n                    calories: 514,\n                  },\n                  {\n                    date: \"2024-01-03\",\n                    calories: 345,\n                  },\n                  {\n                    date: \"2024-01-04\",\n                    calories: 734,\n                  },\n                  {\n                    date: \"2024-01-05\",\n                    calories: 645,\n                  },\n                  {\n                    date: \"2024-01-06\",\n                    calories: 456,\n                  },\n                  {\n                    date: \"2024-01-07\",\n                    calories: 345,\n                  },\n                ]}\n              >\n                <Bar\n                  dataKey=\"calories\"\n                  fill=\"var(--color-calories)\"\n                  radius={2}\n                  fillOpacity={0.2}\n                  activeIndex={6}\n                  activeBar={<Rectangle fillOpacity={0.8} />}\n                />\n                <XAxis\n                  dataKey=\"date\"\n                  tickLine={false}\n                  axisLine={false}\n                  tickMargin={4}\n                  hide\n                />\n              </BarChart>\n            </ChartContainer>\n          </CardContent>\n        </Card>\n        <Card\n          x-chunk=\"An area chart showing the time spent in bed for the past 7 days.\"\n          className=\"max-w-xs\"\n        >\n          <CardHeader className=\"space-y-0 pb-0\">\n            <CardDescription>Time in Bed</CardDescription>\n            <CardTitle className=\"flex items-baseline gap-1 text-4xl tabular-nums\">\n              8\n              <span className=\"font-sans text-sm font-normal tracking-normal text-muted-foreground\">\n                hr\n              </span>\n              35\n              <span className=\"font-sans text-sm font-normal tracking-normal text-muted-foreground\">\n                min\n              </span>\n            </CardTitle>\n          </CardHeader>\n          <CardContent className=\"p-0\">\n            <ChartContainer\n              config={{\n                time: {\n                  label: \"Time\",\n                  color: \"hsl(var(--chart-2))\",\n                },\n              }}\n            >\n              <AreaChart\n                accessibilityLayer\n                data={[\n                  {\n                    date: \"2024-01-01\",\n                    time: 8.5,\n                  },\n                  {\n                    date: \"2024-01-02\",\n                    time: 7.2,\n                  },\n                  {\n                    date: \"2024-01-03\",\n                    time: 8.1,\n                  },\n                  {\n                    date: \"2024-01-04\",\n                    time: 6.2,\n                  },\n                  {\n                    date: \"2024-01-05\",\n                    time: 5.2,\n                  },\n                  {\n                    date: \"2024-01-06\",\n                    time: 8.1,\n                  },\n                  {\n                    date: \"2024-01-07\",\n                    time: 7.0,\n                  },\n                ]}\n                margin={{\n                  left: 0,\n                  right: 0,\n                  top: 0,\n                  bottom: 0,\n                }}\n              >\n                <XAxis dataKey=\"date\" hide />\n                <YAxis domain={[\"dataMin - 5\", \"dataMax + 2\"]} hide />\n                <defs>\n                  <linearGradient id=\"fillTime\" x1=\"0\" y1=\"0\" x2=\"0\" y2=\"1\">\n                    <stop\n                      offset=\"5%\"\n                      stopColor=\"var(--color-time)\"\n                      stopOpacity={0.8}\n                    />\n                    <stop\n                      offset=\"95%\"\n                      stopColor=\"var(--color-time)\"\n                      stopOpacity={0.1}\n                    />\n                  </linearGradient>\n                </defs>\n                <Area\n                  dataKey=\"time\"\n                  type=\"natural\"\n                  fill=\"url(#fillTime)\"\n                  fillOpacity={0.4}\n                  stroke=\"var(--color-time)\"\n                />\n                <ChartTooltip\n                  cursor={false}\n                  content={<ChartTooltipContent hideLabel />}\n                  formatter={(value) => (\n                    <div className=\"flex min-w-[120px] items-center text-xs text-muted-foreground\">\n                      Time in bed\n                      <div className=\"ml-auto flex items-baseline gap-0.5 font-mono font-medium tabular-nums text-foreground\">\n                        {value}\n                        <span className=\"font-normal text-muted-foreground\">\n                          hr\n                        </span>\n                      </div>\n                    </div>\n                  )}\n                />\n              </AreaChart>\n            </ChartContainer>\n          </CardContent>\n        </Card>\n      </div>\n    </div>\n  )\n}\n",
      "type": "registry:block",
      "target": ""
    }
  ]
}