{
  "name": "chart-pie-donut-text",
  "type": "registry:block",
  "registryDependencies": [
    "card",
    "chart"
  ],
  "files": [
    {
      "path": "block/chart-pie-donut-text.tsx",
      "content": "\"use client\"\n\nimport * as React from \"react\"\nimport { TrendingUp } from \"lucide-react\"\nimport { Label, Pie, PieChart } from \"recharts\"\n\nimport {\n  Card,\n  CardContent,\n  CardDescription,\n  CardFooter,\n  CardHeader,\n  CardTitle,\n} from \"@/registry/default/ui/card\"\nimport {\n  ChartConfig,\n  ChartContainer,\n  ChartTooltip,\n  ChartTooltipContent,\n} from \"@/registry/default/ui/chart\"\nconst chartData = [\n  { browser: \"chrome\", visitors: 275, fill: \"var(--color-chrome)\" },\n  { browser: \"safari\", visitors: 200, fill: \"var(--color-safari)\" },\n  { browser: \"firefox\", visitors: 287, fill: \"var(--color-firefox)\" },\n  { browser: \"edge\", visitors: 173, fill: \"var(--color-edge)\" },\n  { browser: \"other\", visitors: 190, fill: \"var(--color-other)\" },\n]\n\nconst chartConfig = {\n  visitors: {\n    label: \"Visitors\",\n  },\n  chrome: {\n    label: \"Chrome\",\n    color: \"hsl(var(--chart-1))\",\n  },\n  safari: {\n    label: \"Safari\",\n    color: \"hsl(var(--chart-2))\",\n  },\n  firefox: {\n    label: \"Firefox\",\n    color: \"hsl(var(--chart-3))\",\n  },\n  edge: {\n    label: \"Edge\",\n    color: \"hsl(var(--chart-4))\",\n  },\n  other: {\n    label: \"Other\",\n    color: \"hsl(var(--chart-5))\",\n  },\n} satisfies ChartConfig\n\nexport default function Component() {\n  const totalVisitors = React.useMemo(() => {\n    return chartData.reduce((acc, curr) => acc + curr.visitors, 0)\n  }, [])\n\n  return (\n    <Card className=\"flex flex-col\">\n      <CardHeader className=\"items-center pb-0\">\n        <CardTitle>Pie Chart - Donut with Text</CardTitle>\n        <CardDescription>January - June 2024</CardDescription>\n      </CardHeader>\n      <CardContent className=\"flex-1 pb-0\">\n        <ChartContainer\n          config={chartConfig}\n          className=\"mx-auto aspect-square max-h-[250px]\"\n        >\n          <PieChart>\n            <ChartTooltip\n              cursor={false}\n              content={<ChartTooltipContent hideLabel />}\n            />\n            <Pie\n              data={chartData}\n              dataKey=\"visitors\"\n              nameKey=\"browser\"\n              innerRadius={60}\n              strokeWidth={5}\n            >\n              <Label\n                content={({ viewBox }) => {\n                  if (viewBox && \"cx\" in viewBox && \"cy\" in viewBox) {\n                    return (\n                      <text\n                        x={viewBox.cx}\n                        y={viewBox.cy}\n                        textAnchor=\"middle\"\n                        dominantBaseline=\"middle\"\n                      >\n                        <tspan\n                          x={viewBox.cx}\n                          y={viewBox.cy}\n                          className=\"fill-foreground text-3xl font-bold\"\n                        >\n                          {totalVisitors.toLocaleString()}\n                        </tspan>\n                        <tspan\n                          x={viewBox.cx}\n                          y={(viewBox.cy || 0) + 24}\n                          className=\"fill-muted-foreground\"\n                        >\n                          Visitors\n                        </tspan>\n                      </text>\n                    )\n                  }\n                }}\n              />\n            </Pie>\n          </PieChart>\n        </ChartContainer>\n      </CardContent>\n      <CardFooter className=\"flex-col gap-2 text-sm\">\n        <div className=\"flex items-center gap-2 font-medium leading-none\">\n          Trending up by 5.2% this month <TrendingUp className=\"h-4 w-4\" />\n        </div>\n        <div className=\"leading-none text-muted-foreground\">\n          Showing total visitors for the last 6 months\n        </div>\n      </CardFooter>\n    </Card>\n  )\n}\n",
      "type": "registry:block",
      "target": ""
    }
  ]
}