{
  "name": "login-01",
  "type": "registry:block",
  "registryDependencies": [
    "button",
    "card",
    "input",
    "label"
  ],
  "files": [
    {
      "path": "block/login-01/page.tsx",
      "content": "import { LoginForm } from \"@/registry/default/block/login-01/components/login-form\"\n\nexport default function Page() {\n  return (\n    <div className=\"flex h-screen w-full items-center justify-center px-4\">\n      <LoginForm />\n    </div>\n  )\n}\n",
      "type": "registry:page",
      "target": "app/login/page.tsx"
    },
    {
      "path": "block/login-01/components/login-form.tsx",
      "content": "import Link from \"next/link\"\n\nimport { Button } from \"@/registry/default/ui/button\"\nimport {\n  Card,\n  CardContent,\n  CardDescription,\n  CardHeader,\n  CardTitle,\n} from \"@/registry/default/ui/card\"\nimport { Input } from \"@/registry/default/ui/input\"\nimport { Label } from \"@/registry/default/ui/label\"\n\nexport function LoginForm() {\n  return (\n    <Card className=\"mx-auto max-w-sm\">\n      <CardHeader>\n        <CardTitle className=\"text-2xl\">Login</CardTitle>\n        <CardDescription>\n          Enter your email below to login to your account\n        </CardDescription>\n      </CardHeader>\n      <CardContent>\n        <div className=\"grid gap-4\">\n          <div className=\"grid gap-2\">\n            <Label htmlFor=\"email\">Email</Label>\n            <Input\n              id=\"email\"\n              type=\"email\"\n              placeholder=\"m@example.com\"\n              required\n            />\n          </div>\n          <div className=\"grid gap-2\">\n            <div className=\"flex items-center\">\n              <Label htmlFor=\"password\">Password</Label>\n              <Link href=\"#\" className=\"ml-auto inline-block text-sm underline\">\n                Forgot your password?\n              </Link>\n            </div>\n            <Input id=\"password\" type=\"password\" required />\n          </div>\n          <Button type=\"submit\" className=\"w-full\">\n            Login\n          </Button>\n          <Button variant=\"outline\" className=\"w-full\">\n            Login with Google\n          </Button>\n        </div>\n        <div className=\"mt-4 text-center text-sm\">\n          Don&apos;t have an account?{\" \"}\n          <Link href=\"#\" className=\"underline\">\n            Sign up\n          </Link>\n        </div>\n      </CardContent>\n    </Card>\n  )\n}\n",
      "type": "registry:component"
    }
  ]
}