{
  "name": "navigation-menu",
  "type": "registry:ui",
  "dependencies": [
    "@radix-ui/react-navigation-menu"
  ],
  "files": [
    {
      "path": "ui/navigation-menu.tsx",
      "content": "import * as React from \"react\"\nimport * as NavigationMenuPrimitive from \"@radix-ui/react-navigation-menu\"\nimport { cva } from \"class-variance-authority\"\nimport { ChevronDown } from \"lucide-react\"\n\nimport { cn } from \"@/lib/utils\"\n\nconst NavigationMenu = React.forwardRef<\n  React.ElementRef<typeof NavigationMenuPrimitive.Root>,\n  React.ComponentPropsWithoutRef<typeof NavigationMenuPrimitive.Root>\n>(({ className, children, ...props }, ref) => (\n  <NavigationMenuPrimitive.Root\n    ref={ref}\n    className={cn(\n      \"relative z-10 flex max-w-max flex-1 items-center justify-center\",\n      className\n    )}\n    {...props}\n  >\n    {children}\n    <NavigationMenuViewport />\n  </NavigationMenuPrimitive.Root>\n))\nNavigationMenu.displayName = NavigationMenuPrimitive.Root.displayName\n\nconst NavigationMenuList = React.forwardRef<\n  React.ElementRef<typeof NavigationMenuPrimitive.List>,\n  React.ComponentPropsWithoutRef<typeof NavigationMenuPrimitive.List>\n>(({ className, ...props }, ref) => (\n  <NavigationMenuPrimitive.List\n    ref={ref}\n    className={cn(\n      \"group flex flex-1 list-none items-center justify-center space-x-1\",\n      className\n    )}\n    {...props}\n  />\n))\nNavigationMenuList.displayName = NavigationMenuPrimitive.List.displayName\n\nconst NavigationMenuItem = NavigationMenuPrimitive.Item\n\nconst navigationMenuTriggerStyle = cva(\n  \"group inline-flex h-10 w-max items-center justify-center rounded-md bg-background px-4 py-2 text-sm font-medium transition-colors hover:bg-accent hover:text-accent-foreground focus:bg-accent focus:text-accent-foreground focus:outline-none disabled:pointer-events-none disabled:opacity-50 data-[active]:bg-accent/50 data-[state=open]:bg-accent/50\"\n)\n\nconst NavigationMenuTrigger = React.forwardRef<\n  React.ElementRef<typeof NavigationMenuPrimitive.Trigger>,\n  React.ComponentPropsWithoutRef<typeof NavigationMenuPrimitive.Trigger>\n>(({ className, children, ...props }, ref) => (\n  <NavigationMenuPrimitive.Trigger\n    ref={ref}\n    className={cn(navigationMenuTriggerStyle(), \"group\", className)}\n    {...props}\n  >\n    {children}{\" \"}\n    <ChevronDown\n      className=\"relative top-[1px] ml-1 h-3 w-3 transition duration-200 group-data-[state=open]:rotate-180\"\n      aria-hidden=\"true\"\n    />\n  </NavigationMenuPrimitive.Trigger>\n))\nNavigationMenuTrigger.displayName = NavigationMenuPrimitive.Trigger.displayName\n\nconst NavigationMenuContent = React.forwardRef<\n  React.ElementRef<typeof NavigationMenuPrimitive.Content>,\n  React.ComponentPropsWithoutRef<typeof NavigationMenuPrimitive.Content>\n>(({ className, ...props }, ref) => (\n  <NavigationMenuPrimitive.Content\n    ref={ref}\n    className={cn(\n      \"left-0 top-0 w-full data-[motion^=from-]:animate-in data-[motion^=to-]:animate-out data-[motion^=from-]:fade-in data-[motion^=to-]:fade-out data-[motion=from-end]:slide-in-from-right-52 data-[motion=from-start]:slide-in-from-left-52 data-[motion=to-end]:slide-out-to-right-52 data-[motion=to-start]:slide-out-to-left-52 md:absolute md:w-auto \",\n      className\n    )}\n    {...props}\n  />\n))\nNavigationMenuContent.displayName = NavigationMenuPrimitive.Content.displayName\n\nconst NavigationMenuLink = NavigationMenuPrimitive.Link\n\nconst NavigationMenuViewport = React.forwardRef<\n  React.ElementRef<typeof NavigationMenuPrimitive.Viewport>,\n  React.ComponentPropsWithoutRef<typeof NavigationMenuPrimitive.Viewport>\n>(({ className, ...props }, ref) => (\n  <div className={cn(\"absolute left-0 top-full flex justify-center\")}>\n    <NavigationMenuPrimitive.Viewport\n      className={cn(\n        \"origin-top-center relative mt-1.5 h-[var(--radix-navigation-menu-viewport-height)] w-full overflow-hidden rounded-md border bg-popover text-popover-foreground shadow-lg data-[state=open]:animate-in data-[state=closed]:animate-out data-[state=closed]:zoom-out-95 data-[state=open]:zoom-in-90 md:w-[var(--radix-navigation-menu-viewport-width)]\",\n        className\n      )}\n      ref={ref}\n      {...props}\n    />\n  </div>\n))\nNavigationMenuViewport.displayName =\n  NavigationMenuPrimitive.Viewport.displayName\n\nconst NavigationMenuIndicator = React.forwardRef<\n  React.ElementRef<typeof NavigationMenuPrimitive.Indicator>,\n  React.ComponentPropsWithoutRef<typeof NavigationMenuPrimitive.Indicator>\n>(({ className, ...props }, ref) => (\n  <NavigationMenuPrimitive.Indicator\n    ref={ref}\n    className={cn(\n      \"top-full z-[1] flex h-1.5 items-end justify-center overflow-hidden data-[state=visible]:animate-in data-[state=hidden]:animate-out data-[state=hidden]:fade-out data-[state=visible]:fade-in\",\n      className\n    )}\n    {...props}\n  >\n    <div className=\"relative top-[60%] h-2 w-2 rotate-45 rounded-tl-sm bg-border shadow-md\" />\n  </NavigationMenuPrimitive.Indicator>\n))\nNavigationMenuIndicator.displayName =\n  NavigationMenuPrimitive.Indicator.displayName\n\nexport {\n  navigationMenuTriggerStyle,\n  NavigationMenu,\n  NavigationMenuList,\n  NavigationMenuItem,\n  NavigationMenuContent,\n  NavigationMenuTrigger,\n  NavigationMenuLink,\n  NavigationMenuIndicator,\n  NavigationMenuViewport,\n}\n",
      "type": "registry:ui",
      "target": ""
    }
  ]
}