{
  "name": "resizable",
  "type": "registry:ui",
  "dependencies": [
    "react-resizable-panels"
  ],
  "files": [
    {
      "path": "ui/resizable.tsx",
      "content": "\"use client\"\n\nimport { GripVertical } from \"lucide-react\"\nimport * as ResizablePrimitive from \"react-resizable-panels\"\n\nimport { cn } from \"@/lib/utils\"\n\nconst ResizablePanelGroup = ({\n  className,\n  ...props\n}: React.ComponentProps<typeof ResizablePrimitive.PanelGroup>) => (\n  <ResizablePrimitive.PanelGroup\n    className={cn(\n      \"flex h-full w-full data-[panel-group-direction=vertical]:flex-col\",\n      className\n    )}\n    {...props}\n  />\n)\n\nconst ResizablePanel = ResizablePrimitive.Panel\n\nconst ResizableHandle = ({\n  withHandle,\n  className,\n  ...props\n}: React.ComponentProps<typeof ResizablePrimitive.PanelResizeHandle> & {\n  withHandle?: boolean\n}) => (\n  <ResizablePrimitive.PanelResizeHandle\n    className={cn(\n      \"relative flex w-px items-center justify-center bg-border after:absolute after:inset-y-0 after:left-1/2 after:w-1 after:-translate-x-1/2 focus-visible:outline-none focus-visible:ring-1 focus-visible:ring-ring focus-visible:ring-offset-1 data-[panel-group-direction=vertical]:h-px data-[panel-group-direction=vertical]:w-full data-[panel-group-direction=vertical]:after:left-0 data-[panel-group-direction=vertical]:after:h-1 data-[panel-group-direction=vertical]:after:w-full data-[panel-group-direction=vertical]:after:-translate-y-1/2 data-[panel-group-direction=vertical]:after:translate-x-0 [&[data-panel-group-direction=vertical]>div]:rotate-90\",\n      className\n    )}\n    {...props}\n  >\n    {withHandle && (\n      <div className=\"z-10 flex h-4 w-3 items-center justify-center rounded-sm border bg-border\">\n        <GripVertical className=\"h-2.5 w-2.5\" />\n      </div>\n    )}\n  </ResizablePrimitive.PanelResizeHandle>\n)\n\nexport { ResizablePanelGroup, ResizablePanel, ResizableHandle }\n",
      "type": "registry:ui",
      "target": ""
    }
  ]
}