{
  "name": "separator",
  "type": "registry:ui",
  "dependencies": [
    "@radix-ui/react-separator"
  ],
  "files": [
    {
      "path": "ui/separator.tsx",
      "content": "\"use client\"\n\nimport * as React from \"react\"\nimport * as SeparatorPrimitive from \"@radix-ui/react-separator\"\n\nimport { cn } from \"@/lib/utils\"\n\nconst Separator = React.forwardRef<\n  React.ElementRef<typeof SeparatorPrimitive.Root>,\n  React.ComponentPropsWithoutRef<typeof SeparatorPrimitive.Root>\n>(\n  (\n    { className, orientation = \"horizontal\", decorative = true, ...props },\n    ref\n  ) => (\n    <SeparatorPrimitive.Root\n      ref={ref}\n      decorative={decorative}\n      orientation={orientation}\n      className={cn(\n        \"shrink-0 bg-border\",\n        orientation === \"horizontal\" ? \"h-[1px] w-full\" : \"h-full w-[1px]\",\n        className\n      )}\n      {...props}\n    />\n  )\n)\nSeparator.displayName = SeparatorPrimitive.Root.displayName\n\nexport { Separator }\n",
      "type": "registry:ui",
      "target": ""
    }
  ]
}