{
  "name": "textarea",
  "type": "registry:ui",
  "files": [
    {
      "path": "ui/textarea.tsx",
      "content": "import * as React from \"react\"\n\nimport { cn } from \"@/lib/utils\"\n\nexport interface TextareaProps\n  extends React.TextareaHTMLAttributes<HTMLTextAreaElement> {}\n\nconst Textarea = React.forwardRef<HTMLTextAreaElement, TextareaProps>(\n  ({ className, ...props }, ref) => {\n    return (\n      <textarea\n        className={cn(\n          \"flex min-h-[80px] w-full rounded-md border border-input bg-background px-3 py-2 text-sm ring-offset-background placeholder:text-muted-foreground focus-visible:outline-none focus-visible:ring-2 focus-visible:ring-ring focus-visible:ring-offset-2 disabled:cursor-not-allowed disabled:opacity-50\",\n          className\n        )}\n        ref={ref}\n        {...props}\n      />\n    )\n  }\n)\nTextarea.displayName = \"Textarea\"\n\nexport { Textarea }\n",
      "type": "registry:ui",
      "target": ""
    }
  ]
}