{
  "name": "theme-emerald",
  "type": "registry:theme",
  "cssVars": {
    "light": {
      "background": "0 0% 100%",
      "foreground": "240 10% 3.9%",
      "card": "0 0% 100%",
      "card-foreground": "240 10% 3.9%",
      "popover": "0 0% 100%",
      "popover-foreground": "240 10% 3.9%",
      "primary": "142 86% 28%",
      "primary-foreground": "356 29% 98%",
      "secondary": "240 4.8% 95.9%",
      "secondary-foreground": "240 5.9% 10%",
      "muted": "240 4.8% 95.9%",
      "muted-foreground": "240 3.8% 45%",
      "accent": "240 4.8% 95.9%",
      "accent-foreground": "240 5.9% 10%",
      "destructive": "0 72% 51%",
      "destructive-foreground": "0 0% 98%",
      "border": "240 5.9% 90%",
      "input": "240 5.9% 90%",
      "ring": "142 86% 28%",
      "chart-1": "139 65% 20%",
      "chart-2": "140 74% 44%",
      "chart-3": "142 88% 28%",
      "chart-4": "137 55% 15%",
      "chart-5": "141 40% 9%"
    },
    "dark": {
      "background": "240 10% 3.9%",
      "foreground": "0 0% 98%",
      "card": "240 10% 3.9%",
      "card-foreground": "0 0% 98%",
      "popover": "240 10% 3.9%",
      "popover-foreground": "0 0% 98%",
      "primary": "142 86% 28%",
      "primary-foreground": "356 29% 98%",
      "secondary": "240 4.8% 95.9%",
      "secondary-foreground": "240 5.9% 10%",
      "muted": "240 3.7% 15.9%",
      "muted-foreground": "240 5% 64.9%",
      "accent": "240 3.7% 15.9%",
      "accent-foreground": "0 0% 98%",
      "destructive": "0 72% 51%",
      "destructive-foreground": "0 0% 98%",
      "border": "240 3.7% 15.9%",
      "input": "240 3.7% 15.9%",
      "ring": "142 86% 28%",
      "chart-1": "142 88% 28%",
      "chart-2": "139 65% 20%",
      "chart-3": "140 74% 24%",
      "chart-4": "137 55% 15%",
      "chart-5": "141 40% 9%"
    }
  }
}