{
  "name": "tooltip",
  "type": "registry:ui",
  "dependencies": [
    "@radix-ui/react-tooltip"
  ],
  "files": [
    {
      "path": "ui/tooltip.tsx",
      "content": "\"use client\"\n\nimport * as React from \"react\"\nimport * as TooltipPrimitive from \"@radix-ui/react-tooltip\"\n\nimport { cn } from \"@/lib/utils\"\n\nconst TooltipProvider = TooltipPrimitive.Provider\n\nconst Tooltip = TooltipPrimitive.Root\n\nconst TooltipTrigger = TooltipPrimitive.Trigger\n\nconst TooltipContent = React.forwardRef<\n  React.ElementRef<typeof TooltipPrimitive.Content>,\n  React.ComponentPropsWithoutRef<typeof TooltipPrimitive.Content>\n>(({ className, sideOffset = 4, ...props }, ref) => (\n  <TooltipPrimitive.Content\n    ref={ref}\n    sideOffset={sideOffset}\n    className={cn(\n      \"z-50 overflow-hidden rounded-md border bg-popover px-3 py-1.5 text-sm text-popover-foreground shadow-md animate-in fade-in-0 zoom-in-95 data-[state=closed]:animate-out data-[state=closed]:fade-out-0 data-[state=closed]:zoom-out-95 data-[side=bottom]:slide-in-from-top-2 data-[side=left]:slide-in-from-right-2 data-[side=right]:slide-in-from-left-2 data-[side=top]:slide-in-from-bottom-2\",\n      className\n    )}\n    {...props}\n  />\n))\nTooltipContent.displayName = TooltipPrimitive.Content.displayName\n\nexport { Tooltip, TooltipTrigger, TooltipContent, TooltipProvider }\n",
      "type": "registry:ui",
      "target": ""
    }
  ]
}