{
  "cli": {
    "version": ">= 3.14.0"
  },
  "build": {
    "development": {
      "distribution": "internal",
      "android": {
        "gradleCommand": ":app:assembleDebug"
      },
      "ios": {
        "buildConfiguration": "Debug"
      },
      "env": {
        "TAMAGUI_TARGET": "native",
        "EXPO_PUBLIC_SUPABASE_URL": "",
        "EXPO_PUBLIC_SUPABASE_ANON_KEY": ""
      }
    },
    "preview": {
      "distribution": "internal"
    },
    "production": {
      "env": {
        "TAMAGUI_TARGET": "native",
        "EXPO_PUBLIC_SUPABASE_URL": "",
        "EXPO_PUBLIC_SUPABASE_ANON_KEY": ""
      }
    }
  },
  "submit": {
    "production": {}
  }
}
