{
  "name": "chart-bar-negative",
  "type": "registry:block",
  "registryDependencies": [
    "card",
    "chart"
  ],
  "files": [
    {
      "path": "block/chart-bar-negative.tsx",
      "content": "\"use client\"\n\nimport { TrendingUp } from \"lucide-react\"\nimport { Bar, BarChart, CartesianGrid, Cell, LabelList } from \"recharts\"\n\nimport {\n  Card,\n  CardContent,\n  CardDescription,\n  CardFooter,\n  CardHeader,\n  CardTitle,\n} from \"@/registry/new-york/ui/card\"\nimport {\n  ChartConfig,\n  ChartContainer,\n  ChartTooltip,\n  ChartTooltipContent,\n} from \"@/registry/new-york/ui/chart\"\nconst chartData = [\n  { month: \"January\", visitors: 186 },\n  { month: \"February\", visitors: 205 },\n  { month: \"March\", visitors: -207 },\n  { month: \"April\", visitors: 173 },\n  { month: \"May\", visitors: -209 },\n  { month: \"June\", visitors: 214 },\n]\n\nconst chartConfig = {\n  visitors: {\n    label: \"Visitors\",\n  },\n} satisfies ChartConfig\n\nexport default function Component() {\n  return (\n    <Card>\n      <CardHeader>\n        <CardTitle>Bar Chart - Negative</CardTitle>\n        <CardDescription>January - June 2024</CardDescription>\n      </CardHeader>\n      <CardContent>\n        <ChartContainer config={chartConfig}>\n          <BarChart accessibilityLayer data={chartData}>\n            <CartesianGrid vertical={false} />\n            <ChartTooltip\n              cursor={false}\n              content={<ChartTooltipContent hideLabel hideIndicator />}\n            />\n            <Bar dataKey=\"visitors\">\n              <LabelList position=\"top\" dataKey=\"month\" fillOpacity={1} />\n              {chartData.map((item) => (\n                <Cell\n                  key={item.month}\n                  fill={\n                    item.visitors > 0\n                      ? \"hsl(var(--chart-1))\"\n                      : \"hsl(var(--chart-2))\"\n                  }\n                />\n              ))}\n            </Bar>\n          </BarChart>\n        </ChartContainer>\n      </CardContent>\n      <CardFooter className=\"flex-col items-start gap-2 text-sm\">\n        <div className=\"flex gap-2 font-medium leading-none\">\n          Trending up by 5.2% this month <TrendingUp className=\"h-4 w-4\" />\n        </div>\n        <div className=\"leading-none text-muted-foreground\">\n          Showing total visitors for the last 6 months\n        </div>\n      </CardFooter>\n    </Card>\n  )\n}\n",
      "type": "registry:block",
      "target": ""
    }
  ]
}