{
  "name": "chart-radar-label-custom",
  "type": "registry:block",
  "registryDependencies": [
    "card",
    "chart"
  ],
  "files": [
    {
      "path": "block/chart-radar-label-custom.tsx",
      "content": "\"use client\"\n\nimport { TrendingUp } from \"lucide-react\"\nimport { PolarAngleAxis, PolarGrid, Radar, RadarChart } from \"recharts\"\n\nimport {\n  Card,\n  CardContent,\n  CardDescription,\n  CardFooter,\n  CardHeader,\n  CardTitle,\n} from \"@/registry/new-york/ui/card\"\nimport {\n  ChartConfig,\n  ChartContainer,\n  ChartTooltip,\n  ChartTooltipContent,\n} from \"@/registry/new-york/ui/chart\"\nconst chartData = [\n  { month: \"January\", desktop: 186, mobile: 80 },\n  { month: \"February\", desktop: 305, mobile: 200 },\n  { month: \"March\", desktop: 237, mobile: 120 },\n  { month: \"April\", desktop: 73, mobile: 190 },\n  { month: \"May\", desktop: 209, mobile: 130 },\n  { month: \"June\", desktop: 214, mobile: 140 },\n]\n\nconst chartConfig = {\n  desktop: {\n    label: \"Desktop\",\n    color: \"hsl(var(--chart-1))\",\n  },\n  mobile: {\n    label: \"Mobile\",\n    color: \"hsl(var(--chart-2))\",\n  },\n} satisfies ChartConfig\n\nexport default function Component() {\n  return (\n    <Card>\n      <CardHeader className=\"items-center pb-4\">\n        <CardTitle>Radar Chart - Custom Label</CardTitle>\n        <CardDescription>\n          Showing total visitors for the last 6 months\n        </CardDescription>\n      </CardHeader>\n      <CardContent className=\"pb-0\">\n        <ChartContainer\n          config={chartConfig}\n          className=\"mx-auto aspect-square max-h-[250px]\"\n        >\n          <RadarChart\n            data={chartData}\n            margin={{\n              top: 10,\n              right: 10,\n              bottom: 10,\n              left: 10,\n            }}\n          >\n            <ChartTooltip\n              cursor={false}\n              content={<ChartTooltipContent indicator=\"line\" />}\n            />\n            <PolarAngleAxis\n              dataKey=\"month\"\n              tick={({ x, y, textAnchor, value, index, ...props }) => {\n                const data = chartData[index]\n\n                return (\n                  <text\n                    x={x}\n                    y={index === 0 ? y - 10 : y}\n                    textAnchor={textAnchor}\n                    fontSize={13}\n                    fontWeight={500}\n                    {...props}\n                  >\n                    <tspan>{data.desktop}</tspan>\n                    <tspan className=\"fill-muted-foreground\">/</tspan>\n                    <tspan>{data.mobile}</tspan>\n                    <tspan\n                      x={x}\n                      dy={\"1rem\"}\n                      fontSize={12}\n                      className=\"fill-muted-foreground\"\n                    >\n                      {data.month}\n                    </tspan>\n                  </text>\n                )\n              }}\n            />\n\n            <PolarGrid />\n            <Radar\n              dataKey=\"desktop\"\n              fill=\"var(--color-desktop)\"\n              fillOpacity={0.6}\n            />\n            <Radar dataKey=\"mobile\" fill=\"var(--color-mobile)\" />\n          </RadarChart>\n        </ChartContainer>\n      </CardContent>\n      <CardFooter className=\"flex-col gap-2 text-sm\">\n        <div className=\"flex items-center gap-2 font-medium leading-none\">\n          Trending up by 5.2% this month <TrendingUp className=\"h-4 w-4\" />\n        </div>\n        <div className=\"flex items-center gap-2 leading-none text-muted-foreground\">\n          January - June 2024\n        </div>\n      </CardFooter>\n    </Card>\n  )\n}\n",
      "type": "registry:block",
      "target": ""
    }
  ]
}