{
  "name": "chart-radar-grid-circle-no-lines",
  "type": "registry:block",
  "registryDependencies": [
    "card",
    "chart"
  ],
  "files": [
    {
      "path": "block/chart-radar-grid-circle-no-lines.tsx",
      "content": "\"use client\"\n\nimport { TrendingUp } from \"lucide-react\"\nimport { PolarAngleAxis, PolarGrid, Radar, RadarChart } from \"recharts\"\n\nimport {\n  Card,\n  CardContent,\n  CardDescription,\n  CardFooter,\n  CardHeader,\n  CardTitle,\n} from \"@/registry/new-york/ui/card\"\nimport {\n  ChartConfig,\n  ChartContainer,\n  ChartTooltip,\n  ChartTooltipContent,\n} from \"@/registry/new-york/ui/chart\"\nconst chartData = [\n  { month: \"January\", desktop: 186 },\n  { month: \"February\", desktop: 305 },\n  { month: \"March\", desktop: 237 },\n  { month: \"April\", desktop: 203 },\n  { month: \"May\", desktop: 209 },\n  { month: \"June\", desktop: 214 },\n]\n\nconst chartConfig = {\n  desktop: {\n    label: \"Desktop\",\n    color: \"hsl(var(--chart-1))\",\n  },\n} satisfies ChartConfig\n\nexport default function Component() {\n  return (\n    <Card>\n      <CardHeader className=\"items-center pb-4\">\n        <CardTitle>Radar Chart - Grid Circle - No lines</CardTitle>\n        <CardDescription>\n          Showing total visitors for the last 6 months\n        </CardDescription>\n      </CardHeader>\n      <CardContent className=\"pb-0\">\n        <ChartContainer\n          config={chartConfig}\n          className=\"mx-auto aspect-square max-h-[250px]\"\n        >\n          <RadarChart data={chartData}>\n            <ChartTooltip\n              cursor={false}\n              content={<ChartTooltipContent hideLabel />}\n            />\n            <PolarGrid gridType=\"circle\" radialLines={false} />\n            <PolarAngleAxis dataKey=\"month\" />\n            <Radar\n              dataKey=\"desktop\"\n              fill=\"var(--color-desktop)\"\n              fillOpacity={0.6}\n              dot={{\n                r: 4,\n                fillOpacity: 1,\n              }}\n            />\n          </RadarChart>\n        </ChartContainer>\n      </CardContent>\n      <CardFooter className=\"flex-col gap-2 text-sm\">\n        <div className=\"flex items-center gap-2 font-medium leading-none\">\n          Trending up by 5.2% this month <TrendingUp className=\"h-4 w-4\" />\n        </div>\n        <div className=\"flex items-center gap-2 leading-none text-muted-foreground\">\n          January - June 2024\n        </div>\n      </CardFooter>\n    </Card>\n  )\n}\n",
      "type": "registry:block",
      "target": ""
    }
  ]
}