{
  "name": "chart-line-dots-colors",
  "type": "registry:block",
  "registryDependencies": [
    "card",
    "chart"
  ],
  "files": [
    {
      "path": "block/chart-line-dots-colors.tsx",
      "content": "\"use client\"\n\nimport { TrendingUp } from \"lucide-react\"\nimport { CartesianGrid, Dot, Line, LineChart } from \"recharts\"\n\nimport {\n  Card,\n  CardContent,\n  CardDescription,\n  CardFooter,\n  CardHeader,\n  CardTitle,\n} from \"@/registry/new-york/ui/card\"\nimport {\n  ChartConfig,\n  ChartContainer,\n  ChartTooltip,\n  ChartTooltipContent,\n} from \"@/registry/new-york/ui/chart\"\nconst chartData = [\n  { browser: \"chrome\", visitors: 275, fill: \"var(--color-chrome)\" },\n  { browser: \"safari\", visitors: 200, fill: \"var(--color-safari)\" },\n  { browser: \"firefox\", visitors: 187, fill: \"var(--color-firefox)\" },\n  { browser: \"edge\", visitors: 173, fill: \"var(--color-edge)\" },\n  { browser: \"other\", visitors: 90, fill: \"var(--color-other)\" },\n]\n\nconst chartConfig = {\n  visitors: {\n    label: \"Visitors\",\n    color: \"hsl(var(--chart-2))\",\n  },\n  chrome: {\n    label: \"Chrome\",\n    color: \"hsl(var(--chart-1))\",\n  },\n  safari: {\n    label: \"Safari\",\n    color: \"hsl(var(--chart-2))\",\n  },\n  firefox: {\n    label: \"Firefox\",\n    color: \"hsl(var(--chart-3))\",\n  },\n  edge: {\n    label: \"Edge\",\n    color: \"hsl(var(--chart-4))\",\n  },\n  other: {\n    label: \"Other\",\n    color: \"hsl(var(--chart-5))\",\n  },\n} satisfies ChartConfig\n\nexport default function Component() {\n  return (\n    <Card>\n      <CardHeader>\n        <CardTitle>Line Chart - Dots Colors</CardTitle>\n        <CardDescription>January - June 2024</CardDescription>\n      </CardHeader>\n      <CardContent>\n        <ChartContainer config={chartConfig}>\n          <LineChart\n            accessibilityLayer\n            data={chartData}\n            margin={{\n              top: 24,\n              left: 24,\n              right: 24,\n            }}\n          >\n            <CartesianGrid vertical={false} />\n            <ChartTooltip\n              cursor={false}\n              content={\n                <ChartTooltipContent\n                  indicator=\"line\"\n                  nameKey=\"visitors\"\n                  hideLabel\n                />\n              }\n            />\n            <Line\n              dataKey=\"visitors\"\n              type=\"natural\"\n              stroke=\"var(--color-visitors)\"\n              strokeWidth={2}\n              dot={({ payload, ...props }) => {\n                return (\n                  <Dot\n                    key={payload.browser}\n                    r={5}\n                    cx={props.cx}\n                    cy={props.cy}\n                    fill={payload.fill}\n                    stroke={payload.fill}\n                  />\n                )\n              }}\n            />\n          </LineChart>\n        </ChartContainer>\n      </CardContent>\n      <CardFooter className=\"flex-col items-start gap-2 text-sm\">\n        <div className=\"flex gap-2 font-medium leading-none\">\n          Trending up by 5.2% this month <TrendingUp className=\"h-4 w-4\" />\n        </div>\n        <div className=\"leading-none text-muted-foreground\">\n          Showing total visitors for the last 6 months\n        </div>\n      </CardFooter>\n    </Card>\n  )\n}\n",
      "type": "registry:block",
      "target": ""
    }
  ]
}