{
  "name": "chart-radial-stacked",
  "type": "registry:block",
  "registryDependencies": [
    "card",
    "chart"
  ],
  "files": [
    {
      "path": "block/chart-radial-stacked.tsx",
      "content": "\"use client\"\n\nimport { TrendingUp } from \"lucide-react\"\nimport { Label, PolarRadiusAxis, RadialBar, RadialBarChart } from \"recharts\"\n\nimport {\n  Card,\n  CardContent,\n  CardDescription,\n  CardFooter,\n  CardHeader,\n  CardTitle,\n} from \"@/registry/new-york/ui/card\"\nimport {\n  ChartConfig,\n  ChartContainer,\n  ChartTooltip,\n  ChartTooltipContent,\n} from \"@/registry/new-york/ui/chart\"\nconst chartData = [{ month: \"january\", desktop: 1260, mobile: 570 }]\n\nconst chartConfig = {\n  desktop: {\n    label: \"Desktop\",\n    color: \"hsl(var(--chart-1))\",\n  },\n  mobile: {\n    label: \"Mobile\",\n    color: \"hsl(var(--chart-2))\",\n  },\n} satisfies ChartConfig\n\nexport default function Component() {\n  const totalVisitors = chartData[0].desktop + chartData[0].mobile\n\n  return (\n    <Card className=\"flex flex-col\">\n      <CardHeader className=\"items-center pb-0\">\n        <CardTitle>Radial Chart - Stacked</CardTitle>\n        <CardDescription>January - June 2024</CardDescription>\n      </CardHeader>\n      <CardContent className=\"flex flex-1 items-center pb-0\">\n        <ChartContainer\n          config={chartConfig}\n          className=\"mx-auto aspect-square w-full max-w-[250px]\"\n        >\n          <RadialBarChart\n            data={chartData}\n            endAngle={180}\n            innerRadius={80}\n            outerRadius={130}\n          >\n            <ChartTooltip\n              cursor={false}\n              content={<ChartTooltipContent hideLabel />}\n            />\n            <PolarRadiusAxis tick={false} tickLine={false} axisLine={false}>\n              <Label\n                content={({ viewBox }) => {\n                  if (viewBox && \"cx\" in viewBox && \"cy\" in viewBox) {\n                    return (\n                      <text x={viewBox.cx} y={viewBox.cy} textAnchor=\"middle\">\n                        <tspan\n                          x={viewBox.cx}\n                          y={(viewBox.cy || 0) - 16}\n                          className=\"fill-foreground text-2xl font-bold\"\n                        >\n                          {totalVisitors.toLocaleString()}\n                        </tspan>\n                        <tspan\n                          x={viewBox.cx}\n                          y={(viewBox.cy || 0) + 4}\n                          className=\"fill-muted-foreground\"\n                        >\n                          Visitors\n                        </tspan>\n                      </text>\n                    )\n                  }\n                }}\n              />\n            </PolarRadiusAxis>\n            <RadialBar\n              dataKey=\"desktop\"\n              stackId=\"a\"\n              cornerRadius={5}\n              fill=\"var(--color-desktop)\"\n              className=\"stroke-transparent stroke-2\"\n            />\n            <RadialBar\n              dataKey=\"mobile\"\n              fill=\"var(--color-mobile)\"\n              stackId=\"a\"\n              cornerRadius={5}\n              className=\"stroke-transparent stroke-2\"\n            />\n          </RadialBarChart>\n        </ChartContainer>\n      </CardContent>\n      <CardFooter className=\"flex-col gap-2 text-sm\">\n        <div className=\"flex items-center gap-2 font-medium leading-none\">\n          Trending up by 5.2% this month <TrendingUp className=\"h-4 w-4\" />\n        </div>\n        <div className=\"leading-none text-muted-foreground\">\n          Showing total visitors for the last 6 months\n        </div>\n      </CardFooter>\n    </Card>\n  )\n}\n",
      "type": "registry:block",
      "target": ""
    }
  ]
}