{
  "name": "dialog",
  "type": "registry:ui",
  "dependencies": [
    "@radix-ui/react-dialog"
  ],
  "files": [
    {
      "path": "ui/dialog.tsx",
      "content": "\"use client\"\n\nimport * as React from \"react\"\nimport * as DialogPrimitive from \"@radix-ui/react-dialog\"\nimport { Cross2Icon } from \"@radix-ui/react-icons\"\n\nimport { cn } from \"@/lib/utils\"\n\nconst Dialog = DialogPrimitive.Root\n\nconst DialogTrigger = DialogPrimitive.Trigger\n\nconst DialogPortal = DialogPrimitive.Portal\n\nconst DialogClose = DialogPrimitive.Close\n\nconst DialogOverlay = React.forwardRef<\n  React.ElementRef<typeof DialogPrimitive.Overlay>,\n  React.ComponentPropsWithoutRef<typeof DialogPrimitive.Overlay>\n>(({ className, ...props }, ref) => (\n  <DialogPrimitive.Overlay\n    ref={ref}\n    className={cn(\n      \"fixed inset-0 z-50 bg-black/80  data-[state=open]:animate-in data-[state=closed]:animate-out data-[state=closed]:fade-out-0 data-[state=open]:fade-in-0\",\n      className\n    )}\n    {...props}\n  />\n))\nDialogOverlay.displayName = DialogPrimitive.Overlay.displayName\n\nconst DialogContent = React.forwardRef<\n  React.ElementRef<typeof DialogPrimitive.Content>,\n  React.ComponentPropsWithoutRef<typeof DialogPrimitive.Content>\n>(({ className, children, ...props }, ref) => (\n  <DialogPortal>\n    <DialogOverlay />\n    <DialogPrimitive.Content\n      ref={ref}\n      className={cn(\n        \"fixed left-[50%] top-[50%] z-50 grid w-full max-w-lg translate-x-[-50%] translate-y-[-50%] gap-4 border bg-background p-6 shadow-lg duration-200 data-[state=open]:animate-in data-[state=closed]:animate-out data-[state=closed]:fade-out-0 data-[state=open]:fade-in-0 data-[state=closed]:zoom-out-95 data-[state=open]:zoom-in-95 data-[state=closed]:slide-out-to-left-1/2 data-[state=closed]:slide-out-to-top-[48%] data-[state=open]:slide-in-from-left-1/2 data-[state=open]:slide-in-from-top-[48%] sm:rounded-lg\",\n        className\n      )}\n      {...props}\n    >\n      {children}\n      <DialogPrimitive.Close className=\"absolute right-4 top-4 rounded-sm opacity-70 ring-offset-background transition-opacity hover:opacity-100 focus:outline-none focus:ring-2 focus:ring-ring focus:ring-offset-2 disabled:pointer-events-none data-[state=open]:bg-accent data-[state=open]:text-muted-foreground\">\n        <Cross2Icon className=\"h-4 w-4\" />\n        <span className=\"sr-only\">Close</span>\n      </DialogPrimitive.Close>\n    </DialogPrimitive.Content>\n  </DialogPortal>\n))\nDialogContent.displayName = DialogPrimitive.Content.displayName\n\nconst DialogHeader = ({\n  className,\n  ...props\n}: React.HTMLAttributes<HTMLDivElement>) => (\n  <div\n    className={cn(\n      \"flex flex-col space-y-1.5 text-center sm:text-left\",\n      className\n    )}\n    {...props}\n  />\n)\nDialogHeader.displayName = \"DialogHeader\"\n\nconst DialogFooter = ({\n  className,\n  ...props\n}: React.HTMLAttributes<HTMLDivElement>) => (\n  <div\n    className={cn(\n      \"flex flex-col-reverse sm:flex-row sm:justify-end sm:space-x-2\",\n      className\n    )}\n    {...props}\n  />\n)\nDialogFooter.displayName = \"DialogFooter\"\n\nconst DialogTitle = React.forwardRef<\n  React.ElementRef<typeof DialogPrimitive.Title>,\n  React.ComponentPropsWithoutRef<typeof DialogPrimitive.Title>\n>(({ className, ...props }, ref) => (\n  <DialogPrimitive.Title\n    ref={ref}\n    className={cn(\n      \"text-lg font-semibold leading-none tracking-tight\",\n      className\n    )}\n    {...props}\n  />\n))\nDialogTitle.displayName = DialogPrimitive.Title.displayName\n\nconst DialogDescription = React.forwardRef<\n  React.ElementRef<typeof DialogPrimitive.Description>,\n  React.ComponentPropsWithoutRef<typeof DialogPrimitive.Description>\n>(({ className, ...props }, ref) => (\n  <DialogPrimitive.Description\n    ref={ref}\n    className={cn(\"text-sm text-muted-foreground\", className)}\n    {...props}\n  />\n))\nDialogDescription.displayName = DialogPrimitive.Description.displayName\n\nexport {\n  Dialog,\n  DialogPortal,\n  DialogOverlay,\n  DialogTrigger,\n  DialogClose,\n  DialogContent,\n  DialogHeader,\n  DialogFooter,\n  DialogTitle,\n  DialogDescription,\n}\n",
      "type": "registry:ui",
      "target": ""
    }
  ]
}