{
  "name": "menubar",
  "type": "registry:ui",
  "dependencies": [
    "@radix-ui/react-menubar"
  ],
  "files": [
    {
      "path": "ui/menubar.tsx",
      "content": "\"use client\"\n\nimport * as React from \"react\"\nimport {\n  CheckIcon,\n  ChevronRightIcon,\n  DotFilledIcon,\n} from \"@radix-ui/react-icons\"\nimport * as MenubarPrimitive from \"@radix-ui/react-menubar\"\n\nimport { cn } from \"@/lib/utils\"\n\nconst MenubarMenu = MenubarPrimitive.Menu\n\nconst MenubarGroup = MenubarPrimitive.Group\n\nconst MenubarPortal = MenubarPrimitive.Portal\n\nconst MenubarSub = MenubarPrimitive.Sub\n\nconst MenubarRadioGroup = MenubarPrimitive.RadioGroup\n\nconst Menubar = React.forwardRef<\n  React.ElementRef<typeof MenubarPrimitive.Root>,\n  React.ComponentPropsWithoutRef<typeof MenubarPrimitive.Root>\n>(({ className, ...props }, ref) => (\n  <MenubarPrimitive.Root\n    ref={ref}\n    className={cn(\n      \"flex h-9 items-center space-x-1 rounded-md border bg-background p-1 shadow-sm\",\n      className\n    )}\n    {...props}\n  />\n))\nMenubar.displayName = MenubarPrimitive.Root.displayName\n\nconst MenubarTrigger = React.forwardRef<\n  React.ElementRef<typeof MenubarPrimitive.Trigger>,\n  React.ComponentPropsWithoutRef<typeof MenubarPrimitive.Trigger>\n>(({ className, ...props }, ref) => (\n  <MenubarPrimitive.Trigger\n    ref={ref}\n    className={cn(\n      \"flex cursor-default select-none items-center rounded-sm px-3 py-1 text-sm font-medium outline-none focus:bg-accent focus:text-accent-foreground data-[state=open]:bg-accent data-[state=open]:text-accent-foreground\",\n      className\n    )}\n    {...props}\n  />\n))\nMenubarTrigger.displayName = MenubarPrimitive.Trigger.displayName\n\nconst MenubarSubTrigger = React.forwardRef<\n  React.ElementRef<typeof MenubarPrimitive.SubTrigger>,\n  React.ComponentPropsWithoutRef<typeof MenubarPrimitive.SubTrigger> & {\n    inset?: boolean\n  }\n>(({ className, inset, children, ...props }, ref) => (\n  <MenubarPrimitive.SubTrigger\n    ref={ref}\n    className={cn(\n      \"flex cursor-default select-none items-center rounded-sm px-2 py-1.5 text-sm outline-none focus:bg-accent focus:text-accent-foreground data-[state=open]:bg-accent data-[state=open]:text-accent-foreground\",\n      inset && \"pl-8\",\n      className\n    )}\n    {...props}\n  >\n    {children}\n    <ChevronRightIcon className=\"ml-auto h-4 w-4\" />\n  </MenubarPrimitive.SubTrigger>\n))\nMenubarSubTrigger.displayName = MenubarPrimitive.SubTrigger.displayName\n\nconst MenubarSubContent = React.forwardRef<\n  React.ElementRef<typeof MenubarPrimitive.SubContent>,\n  React.ComponentPropsWithoutRef<typeof MenubarPrimitive.SubContent>\n>(({ className, ...props }, ref) => (\n  <MenubarPrimitive.SubContent\n    ref={ref}\n    className={cn(\n      \"z-50 min-w-[8rem] overflow-hidden rounded-md border bg-popover p-1 text-popover-foreground shadow-lg data-[state=open]:animate-in data-[state=closed]:animate-out data-[state=closed]:fade-out-0 data-[state=open]:fade-in-0 data-[state=closed]:zoom-out-95 data-[state=open]:zoom-in-95 data-[side=bottom]:slide-in-from-top-2 data-[side=left]:slide-in-from-right-2 data-[side=right]:slide-in-from-left-2 data-[side=top]:slide-in-from-bottom-2\",\n      className\n    )}\n    {...props}\n  />\n))\nMenubarSubContent.displayName = MenubarPrimitive.SubContent.displayName\n\nconst MenubarContent = React.forwardRef<\n  React.ElementRef<typeof MenubarPrimitive.Content>,\n  React.ComponentPropsWithoutRef<typeof MenubarPrimitive.Content>\n>(\n  (\n    { className, align = \"start\", alignOffset = -4, sideOffset = 8, ...props },\n    ref\n  ) => (\n    <MenubarPrimitive.Portal>\n      <MenubarPrimitive.Content\n        ref={ref}\n        align={align}\n        alignOffset={alignOffset}\n        sideOffset={sideOffset}\n        className={cn(\n          \"z-50 min-w-[12rem] overflow-hidden rounded-md border bg-popover p-1 text-popover-foreground shadow-md data-[state=open]:animate-in data-[state=closed]:fade-out-0 data-[state=open]:fade-in-0 data-[state=closed]:zoom-out-95 data-[state=open]:zoom-in-95 data-[side=bottom]:slide-in-from-top-2 data-[side=left]:slide-in-from-right-2 data-[side=right]:slide-in-from-left-2 data-[side=top]:slide-in-from-bottom-2\",\n          className\n        )}\n        {...props}\n      />\n    </MenubarPrimitive.Portal>\n  )\n)\nMenubarContent.displayName = MenubarPrimitive.Content.displayName\n\nconst MenubarItem = React.forwardRef<\n  React.ElementRef<typeof MenubarPrimitive.Item>,\n  React.ComponentPropsWithoutRef<typeof MenubarPrimitive.Item> & {\n    inset?: boolean\n  }\n>(({ className, inset, ...props }, ref) => (\n  <MenubarPrimitive.Item\n    ref={ref}\n    className={cn(\n      \"relative flex cursor-default select-none items-center rounded-sm px-2 py-1.5 text-sm outline-none focus:bg-accent focus:text-accent-foreground data-[disabled]:pointer-events-none data-[disabled]:opacity-50\",\n      inset && \"pl-8\",\n      className\n    )}\n    {...props}\n  />\n))\nMenubarItem.displayName = MenubarPrimitive.Item.displayName\n\nconst MenubarCheckboxItem = React.forwardRef<\n  React.ElementRef<typeof MenubarPrimitive.CheckboxItem>,\n  React.ComponentPropsWithoutRef<typeof MenubarPrimitive.CheckboxItem>\n>(({ className, children, checked, ...props }, ref) => (\n  <MenubarPrimitive.CheckboxItem\n    ref={ref}\n    className={cn(\n      \"relative flex cursor-default select-none items-center rounded-sm py-1.5 pl-8 pr-2 text-sm outline-none focus:bg-accent focus:text-accent-foreground data-[disabled]:pointer-events-none data-[disabled]:opacity-50\",\n      className\n    )}\n    checked={checked}\n    {...props}\n  >\n    <span className=\"absolute left-2 flex h-3.5 w-3.5 items-center justify-center\">\n      <MenubarPrimitive.ItemIndicator>\n        <CheckIcon className=\"h-4 w-4\" />\n      </MenubarPrimitive.ItemIndicator>\n    </span>\n    {children}\n  </MenubarPrimitive.CheckboxItem>\n))\nMenubarCheckboxItem.displayName = MenubarPrimitive.CheckboxItem.displayName\n\nconst MenubarRadioItem = React.forwardRef<\n  React.ElementRef<typeof MenubarPrimitive.RadioItem>,\n  React.ComponentPropsWithoutRef<typeof MenubarPrimitive.RadioItem>\n>(({ className, children, ...props }, ref) => (\n  <MenubarPrimitive.RadioItem\n    ref={ref}\n    className={cn(\n      \"relative flex cursor-default select-none items-center rounded-sm py-1.5 pl-8 pr-2 text-sm outline-none focus:bg-accent focus:text-accent-foreground data-[disabled]:pointer-events-none data-[disabled]:opacity-50\",\n      className\n    )}\n    {...props}\n  >\n    <span className=\"absolute left-2 flex h-3.5 w-3.5 items-center justify-center\">\n      <MenubarPrimitive.ItemIndicator>\n        <DotFilledIcon className=\"h-4 w-4 fill-current\" />\n      </MenubarPrimitive.ItemIndicator>\n    </span>\n    {children}\n  </MenubarPrimitive.RadioItem>\n))\nMenubarRadioItem.displayName = MenubarPrimitive.RadioItem.displayName\n\nconst MenubarLabel = React.forwardRef<\n  React.ElementRef<typeof MenubarPrimitive.Label>,\n  React.ComponentPropsWithoutRef<typeof MenubarPrimitive.Label> & {\n    inset?: boolean\n  }\n>(({ className, inset, ...props }, ref) => (\n  <MenubarPrimitive.Label\n    ref={ref}\n    className={cn(\n      \"px-2 py-1.5 text-sm font-semibold\",\n      inset && \"pl-8\",\n      className\n    )}\n    {...props}\n  />\n))\nMenubarLabel.displayName = MenubarPrimitive.Label.displayName\n\nconst MenubarSeparator = React.forwardRef<\n  React.ElementRef<typeof MenubarPrimitive.Separator>,\n  React.ComponentPropsWithoutRef<typeof MenubarPrimitive.Separator>\n>(({ className, ...props }, ref) => (\n  <MenubarPrimitive.Separator\n    ref={ref}\n    className={cn(\"-mx-1 my-1 h-px bg-muted\", className)}\n    {...props}\n  />\n))\nMenubarSeparator.displayName = MenubarPrimitive.Separator.displayName\n\nconst MenubarShortcut = ({\n  className,\n  ...props\n}: React.HTMLAttributes<HTMLSpanElement>) => {\n  return (\n    <span\n      className={cn(\n        \"ml-auto text-xs tracking-widest text-muted-foreground\",\n        className\n      )}\n      {...props}\n    />\n  )\n}\nMenubarShortcut.displayname = \"MenubarShortcut\"\n\nexport {\n  Menubar,\n  MenubarMenu,\n  MenubarTrigger,\n  MenubarContent,\n  MenubarItem,\n  MenubarSeparator,\n  MenubarLabel,\n  MenubarCheckboxItem,\n  MenubarRadioGroup,\n  MenubarRadioItem,\n  MenubarPortal,\n  MenubarSubContent,\n  MenubarSubTrigger,\n  MenubarGroup,\n  MenubarSub,\n  MenubarShortcut,\n}\n",
      "type": "registry:ui",
      "target": ""
    }
  ]
}