{
  "name": "tabs",
  "type": "registry:ui",
  "dependencies": [
    "@radix-ui/react-tabs"
  ],
  "files": [
    {
      "path": "ui/tabs.tsx",
      "content": "\"use client\"\n\nimport * as React from \"react\"\nimport * as TabsPrimitive from \"@radix-ui/react-tabs\"\n\nimport { cn } from \"@/lib/utils\"\n\nconst Tabs = TabsPrimitive.Root\n\nconst TabsList = React.forwardRef<\n  React.ElementRef<typeof TabsPrimitive.List>,\n  React.ComponentPropsWithoutRef<typeof TabsPrimitive.List>\n>(({ className, ...props }, ref) => (\n  <TabsPrimitive.List\n    ref={ref}\n    className={cn(\n      \"inline-flex h-9 items-center justify-center rounded-lg bg-muted p-1 text-muted-foreground\",\n      className\n    )}\n    {...props}\n  />\n))\nTabsList.displayName = TabsPrimitive.List.displayName\n\nconst TabsTrigger = React.forwardRef<\n  React.ElementRef<typeof TabsPrimitive.Trigger>,\n  React.ComponentPropsWithoutRef<typeof TabsPrimitive.Trigger>\n>(({ className, ...props }, ref) => (\n  <TabsPrimitive.Trigger\n    ref={ref}\n    className={cn(\n      \"inline-flex items-center justify-center whitespace-nowrap rounded-md px-3 py-1 text-sm font-medium ring-offset-background transition-all focus-visible:outline-none focus-visible:ring-2 focus-visible:ring-ring focus-visible:ring-offset-2 disabled:pointer-events-none disabled:opacity-50 data-[state=active]:bg-background data-[state=active]:text-foreground data-[state=active]:shadow\",\n      className\n    )}\n    {...props}\n  />\n))\nTabsTrigger.displayName = TabsPrimitive.Trigger.displayName\n\nconst TabsContent = React.forwardRef<\n  React.ElementRef<typeof TabsPrimitive.Content>,\n  React.ComponentPropsWithoutRef<typeof TabsPrimitive.Content>\n>(({ className, ...props }, ref) => (\n  <TabsPrimitive.Content\n    ref={ref}\n    className={cn(\n      \"mt-2 ring-offset-background focus-visible:outline-none focus-visible:ring-2 focus-visible:ring-ring focus-visible:ring-offset-2\",\n      className\n    )}\n    {...props}\n  />\n))\nTabsContent.displayName = TabsPrimitive.Content.displayName\n\nexport { Tabs, TabsList, TabsTrigger, TabsContent }\n",
      "type": "registry:ui",
      "target": ""
    }
  ]
}