{
  "name": "use-toast",
  "type": "registry:hook",
  "files": [
    {
      "path": "hooks/use-toast.ts",
      "content": "\"use client\"\n\n// Inspired by react-hot-toast library\nimport * as React from \"react\"\n\nimport type {\n  ToastActionElement,\n  ToastProps,\n} from \"@/registry/new-york/ui/toast\"\n\nconst TOAST_LIMIT = 1\nconst TOAST_REMOVE_DELAY = 1000000\n\ntype ToasterToast = ToastProps & {\n  id: string\n  title?: React.ReactNode\n  description?: React.ReactNode\n  action?: ToastActionElement\n}\n\nconst actionTypes = {\n  ADD_TOAST: \"ADD_TOAST\",\n  UPDATE_TOAST: \"UPDATE_TOAST\",\n  DISMISS_TOAST: \"DISMISS_TOAST\",\n  REMOVE_TOAST: \"REMOVE_TOAST\",\n} as const\n\nlet count = 0\n\nfunction genId() {\n  count = (count + 1) % Number.MAX_SAFE_INTEGER\n  return count.toString()\n}\n\ntype ActionType = typeof actionTypes\n\ntype Action =\n  | {\n      type: ActionType[\"ADD_TOAST\"]\n      toast: ToasterToast\n    }\n  | {\n      type: ActionType[\"UPDATE_TOAST\"]\n      toast: Partial<ToasterToast>\n    }\n  | {\n      type: ActionType[\"DISMISS_TOAST\"]\n      toastId?: ToasterToast[\"id\"]\n    }\n  | {\n      type: ActionType[\"REMOVE_TOAST\"]\n      toastId?: ToasterToast[\"id\"]\n    }\n\ninterface State {\n  toasts: ToasterToast[]\n}\n\nconst toastTimeouts = new Map<string, ReturnType<typeof setTimeout>>()\n\nconst addToRemoveQueue = (toastId: string) => {\n  if (toastTimeouts.has(toastId)) {\n    return\n  }\n\n  const timeout = setTimeout(() => {\n    toastTimeouts.delete(toastId)\n    dispatch({\n      type: \"REMOVE_TOAST\",\n      toastId: toastId,\n    })\n  }, TOAST_REMOVE_DELAY)\n\n  toastTimeouts.set(toastId, timeout)\n}\n\nexport const reducer = (state: State, action: Action): State => {\n  switch (action.type) {\n    case \"ADD_TOAST\":\n      return {\n        ...state,\n        toasts: [action.toast, ...state.toasts].slice(0, TOAST_LIMIT),\n      }\n\n    case \"UPDATE_TOAST\":\n      return {\n        ...state,\n        toasts: state.toasts.map((t) =>\n          t.id === action.toast.id ? { ...t, ...action.toast } : t\n        ),\n      }\n\n    case \"DISMISS_TOAST\": {\n      const { toastId } = action\n\n      // ! Side effects ! - This could be extracted into a dismissToast() action,\n      // but I'll keep it here for simplicity\n      if (toastId) {\n        addToRemoveQueue(toastId)\n      } else {\n        state.toasts.forEach((toast) => {\n          addToRemoveQueue(toast.id)\n        })\n      }\n\n      return {\n        ...state,\n        toasts: state.toasts.map((t) =>\n          t.id === toastId || toastId === undefined\n            ? {\n                ...t,\n                open: false,\n              }\n            : t\n        ),\n      }\n    }\n    case \"REMOVE_TOAST\":\n      if (action.toastId === undefined) {\n        return {\n          ...state,\n          toasts: [],\n        }\n      }\n      return {\n        ...state,\n        toasts: state.toasts.filter((t) => t.id !== action.toastId),\n      }\n  }\n}\n\nconst listeners: Array<(state: State) => void> = []\n\nlet memoryState: State = { toasts: [] }\n\nfunction dispatch(action: Action) {\n  memoryState = reducer(memoryState, action)\n  listeners.forEach((listener) => {\n    listener(memoryState)\n  })\n}\n\ntype Toast = Omit<ToasterToast, \"id\">\n\nfunction toast({ ...props }: Toast) {\n  const id = genId()\n\n  const update = (props: ToasterToast) =>\n    dispatch({\n      type: \"UPDATE_TOAST\",\n      toast: { ...props, id },\n    })\n  const dismiss = () => dispatch({ type: \"DISMISS_TOAST\", toastId: id })\n\n  dispatch({\n    type: \"ADD_TOAST\",\n    toast: {\n      ...props,\n      id,\n      open: true,\n      onOpenChange: (open) => {\n        if (!open) dismiss()\n      },\n    },\n  })\n\n  return {\n    id: id,\n    dismiss,\n    update,\n  }\n}\n\nfunction useToast() {\n  const [state, setState] = React.useState<State>(memoryState)\n\n  React.useEffect(() => {\n    listeners.push(setState)\n    return () => {\n      const index = listeners.indexOf(setState)\n      if (index > -1) {\n        listeners.splice(index, 1)\n      }\n    }\n  }, [state])\n\n  return {\n    ...state,\n    toast,\n    dismiss: (toastId?: string) => dispatch({ type: \"DISMISS_TOAST\", toastId }),\n  }\n}\n\nexport { useToast, toast }\n",
      "type": "registry:hook"
    }
  ]
}