{
  "inlineColors": {
    "light": {
      "background": "white",
      "foreground": "slate-950",
      "card": "white",
      "card-foreground": "slate-950",
      "popover": "white",
      "popover-foreground": "slate-950",
      "primary": "slate-900",
      "primary-foreground": "slate-50",
      "secondary": "slate-100",
      "secondary-foreground": "slate-900",
      "muted": "slate-100",
      "muted-foreground": "slate-500",
      "accent": "slate-100",
      "accent-foreground": "slate-900",
      "destructive": "red-500",
      "destructive-foreground": "slate-50",
      "border": "slate-200",
      "input": "slate-200",
      "ring": "slate-950"
    },
    "dark": {
      "background": "slate-950",
      "foreground": "slate-50",
      "card": "slate-950",
      "card-foreground": "slate-50",
      "popover": "slate-950",
      "popover-foreground": "slate-50",
      "primary": "slate-50",
      "primary-foreground": "slate-900",
      "secondary": "slate-800",
      "secondary-foreground": "slate-50",
      "muted": "slate-800",
      "muted-foreground": "slate-400",
      "accent": "slate-800",
      "accent-foreground": "slate-50",
      "destructive": "red-900",
      "destructive-foreground": "slate-50",
      "border": "slate-800",
      "input": "slate-800",
      "ring": "slate-300"
    }
  },
  "cssVars": {
    "light": {
      "background": "0 0% 100%",
      "foreground": "222.2 84% 4.9%",
      "card": "0 0% 100%",
      "card-foreground": "222.2 84% 4.9%",
      "popover": "0 0% 100%",
      "popover-foreground": "222.2 84% 4.9%",
      "primary": "222.2 47.4% 11.2%",
      "primary-foreground": "210 40% 98%",
      "secondary": "210 40% 96.1%",
      "secondary-foreground": "222.2 47.4% 11.2%",
      "muted": "210 40% 96.1%",
      "muted-foreground": "215.4 16.3% 46.9%",
      "accent": "210 40% 96.1%",
      "accent-foreground": "222.2 47.4% 11.2%",
      "destructive": "0 84.2% 60.2%",
      "destructive-foreground": "210 40% 98%",
      "border": "214.3 31.8% 91.4%",
      "input": "214.3 31.8% 91.4%",
      "ring": "222.2 84% 4.9%",
      "chart-1": "12 76% 61%",
      "chart-2": "173 58% 39%",
      "chart-3": "197 37% 24%",
      "chart-4": "43 74% 66%",
      "chart-5": "27 87% 67%"
    },
    "dark": {
      "background": "222.2 84% 4.9%",
      "foreground": "210 40% 98%",
      "card": "222.2 84% 4.9%",
      "card-foreground": "210 40% 98%",
      "popover": "222.2 84% 4.9%",
      "popover-foreground": "210 40% 98%",
      "primary": "210 40% 98%",
      "primary-foreground": "222.2 47.4% 11.2%",
      "secondary": "217.2 32.6% 17.5%",
      "secondary-foreground": "210 40% 98%",
      "muted": "217.2 32.6% 17.5%",
      "muted-foreground": "215 20.2% 65.1%",
      "accent": "217.2 32.6% 17.5%",
      "accent-foreground": "210 40% 98%",
      "destructive": "0 62.8% 30.6%",
      "destructive-foreground": "210 40% 98%",
      "border": "217.2 32.6% 17.5%",
      "input": "217.2 32.6% 17.5%",
      "ring": "212.7 26.8% 83.9%",
      "chart-1": "220 70% 50%",
      "chart-2": "160 60% 45%",
      "chart-3": "30 80% 55%",
      "chart-4": "280 65% 60%",
      "chart-5": "340 75% 55%"
    }
  },
  "inlineColorsTemplate": "@tailwind base;\n@tailwind components;\n@tailwind utilities;\n  ",
  "cssVarsTemplate": "@tailwind base;\n@tailwind components;\n@tailwind utilities;\n\n@layer base {\n  :root {\n    --background: 0 0% 100%;\n    --foreground: 222.2 84% 4.9%;\n    --card: 0 0% 100%;\n    --card-foreground: 222.2 84% 4.9%;\n    --popover: 0 0% 100%;\n    --popover-foreground: 222.2 84% 4.9%;\n    --primary: 222.2 47.4% 11.2%;\n    --primary-foreground: 210 40% 98%;\n    --secondary: 210 40% 96.1%;\n    --secondary-foreground: 222.2 47.4% 11.2%;\n    --muted: 210 40% 96.1%;\n    --muted-foreground: 215.4 16.3% 46.9%;\n    --accent: 210 40% 96.1%;\n    --accent-foreground: 222.2 47.4% 11.2%;\n    --destructive: 0 84.2% 60.2%;\n    --destructive-foreground: 210 40% 98%;\n    --border: 214.3 31.8% 91.4%;\n    --input: 214.3 31.8% 91.4%;\n    --ring: 222.2 84% 4.9%;\n    --radius: 0.5rem;\n    --chart-1: 12 76% 61%;\n    --chart-2: 173 58% 39%;\n    --chart-3: 197 37% 24%;\n    --chart-4: 43 74% 66%;\n    --chart-5: 27 87% 67%;\n  }\n\n  .dark {\n    --background: 222.2 84% 4.9%;\n    --foreground: 210 40% 98%;\n    --card: 222.2 84% 4.9%;\n    --card-foreground: 210 40% 98%;\n    --popover: 222.2 84% 4.9%;\n    --popover-foreground: 210 40% 98%;\n    --primary: 210 40% 98%;\n    --primary-foreground: 222.2 47.4% 11.2%;\n    --secondary: 217.2 32.6% 17.5%;\n    --secondary-foreground: 210 40% 98%;\n    --muted: 217.2 32.6% 17.5%;\n    --muted-foreground: 215 20.2% 65.1%;\n    --accent: 217.2 32.6% 17.5%;\n    --accent-foreground: 210 40% 98%;\n    --destructive: 0 62.8% 30.6%;\n    --destructive-foreground: 210 40% 98%;\n    --border: 217.2 32.6% 17.5%;\n    --input: 217.2 32.6% 17.5%;\n    --ring: 212.7 26.8% 83.9%;\n    --chart-1: 220 70% 50%;\n    --chart-2: 160 60% 45%;\n    --chart-3: 30 80% 55%;\n    --chart-4: 280 65% 60%;\n    --chart-5: 340 75% 55%;\n  }\n}\n\n@layer base {\n  * {\n    @apply border-border;\n  }\n  body {\n    @apply bg-background text-foreground;\n  }\n}"
}