{
  "dev": {
    "awscloudformation": {
      "AuthRoleName": "amplify-birita-dev-155848-authRole",
      "UnauthRoleArn": "arn:aws:iam::533514237970:role/amplify-birita-dev-155848-unauthRole",
      "AuthRoleArn": "arn:aws:iam::533514237970:role/amplify-birita-dev-155848-authRole",
      "Region": "us-east-1",
      "DeploymentBucketName": "amplify-birita-dev-155848-deployment",
      "UnauthRoleName": "amplify-birita-dev-155848-unauthRole",
      "StackName": "amplify-birita-dev-155848",
      "StackId": "arn:aws:cloudformation:us-east-1:533514237970:stack/amplify-birita-dev-155848/14eb1480-4672-11ed-bf66-12ae57854b05",
      "AmplifyAppId": "drs0dav2uosj2"
    },
    "categories": {
      "auth": {
        "birita54bd367e": {}
      }
    }
  }
}