{
  "dev": {
    "awscloudformation": {
      "AuthRoleName": "amplify-barfinder-dev-154359-authRole",
      "UnauthRoleArn": "arn:aws:iam::533514237970:role/amplify-barfinder-dev-154359-unauthRole",
      "AuthRoleArn": "arn:aws:iam::533514237970:role/amplify-barfinder-dev-154359-authRole",
      "Region": "us-east-1",
      "DeploymentBucketName": "amplify-barfinder-dev-154359-deployment",
      "UnauthRoleName": "amplify-barfinder-dev-154359-unauthRole",
      "StackName": "amplify-barfinder-dev-154359",
      "StackId": "arn:aws:cloudformation:us-east-1:533514237970:stack/amplify-barfinder-dev-154359/0665d7c0-3d02-11ed-87a4-12c83e54923f",
      "AmplifyAppId": "d28xmicp9zqvlg"
    }
  }
}