{
  "dev": {
    "awscloudformation": {
      "AuthRoleName": "amplify-demanda-dev-94405-authRole",
      "UnauthRoleArn": "arn:aws:iam::533514237970:role/amplify-demanda-dev-94405-unauthRole",
      "AuthRoleArn": "arn:aws:iam::533514237970:role/amplify-demanda-dev-94405-authRole",
      "Region": "us-east-1",
      "DeploymentBucketName": "amplify-demanda-dev-94405-deployment",
      "UnauthRoleName": "amplify-demanda-dev-94405-unauthRole",
      "StackName": "amplify-demanda-dev-94405",
      "StackId": "arn:aws:cloudformation:us-east-1:533514237970:stack/amplify-demanda-dev-94405/3d7aa8f0-bf15-11ec-9752-0ecc1f64971f",
      "AmplifyAppId": "d2afpofmp4pksq"
    }
  }
}