{
  "cli": {
    "version": ">= 4.1.2"
  },
  "build": {
    "base": {
      "node": "20.16.0",
      "pnpm": "9.7.0",
      "ios": {
        "resourceClass": "m-medium"
      },
      "channel": "base"
    },
    "development": {
      "extends": "base",
      "developmentClient": true,
      "distribution": "internal",
      "channel": "development"
    },
    "development-simulator": {
      "developmentClient": true,
      "distribution": "internal",
      "ios": {
        "simulator": true
      },
      "channel": "development-simulator"
    },
    "preview": {
      "extends": "base",
      "distribution": "internal",
      "ios": {
        "simulator": true
      },
      "channel": "preview"
    },
    "production": {
      "extends": "base",
      "channel": "production"
    }
  },
  "submit": {
    "production": {}
  }
}
