{
  "cli": {
    "version": ">= 7.6.0"
  },
  "build": {
    "base": {
      "android": {
        "image": "default",
        "env": {
          "PLATFORM": "android"
        }
      },
      "ios": {
        "image": "latest",
        "env": {
          "PLATFORM": "ios"
        }
      }
    },
    "development": {
      "extends": "base",
      "developmentClient": true,
      "distribution": "internal"
    },
    "preview": {
      "extends": "base",
      "distribution": "internal"
    },
    "production": {
      "extends": "base",
      "autoIncrement": true
    }
  },
  "submit": {
    "production": {
      "android": {
        "track": "internal"
      }
    }
  }
}
